name,type,RD,Cache,sum_RTT,queries,total_time,cache_hits,cache_misses,num_answers
i-butterfly.ru,1,0,0,1.1913213729858398,6,1.194885015487671,,,2
i-butterfly.ru,1,1,0,1.324981927871704,6,1.3275418281555176,,,2
i-butterfly.ru,1,0,1,0.7831192016601562,4,1.1191675662994385,2,3,2
datepanchang.com,1,0,0,0.6194262504577637,3,0.6227798461914062,,,1
datepanchang.com,1,1,0,0.5606510639190674,3,0.5627264976501465,,,1
datepanchang.com,1,0,1,0.2045300006866455,1,0.5169880390167236,2,0,1
localhost.re,1,0,0,1.217700481414795,6,1.2213096618652344,,,2
localhost.re,1,1,0,0.9231891632080078,6,0.9251422882080078,,,2
localhost.re,1,0,1,0.7089009284973145,4,0.8127048015594482,2,3,2
ex-jw.org,1,0,0,1.038539171218872,6,6.046710729598999,,,3
ex-jw.org,1,1,0,0.91640305519104,6,5.920679807662964,,,3
ex-jw.org,1,0,1,0.8005144596099854,4,6.049509048461914,2,3,3
informarexresistere.fr,1,0,0,1.4506466388702393,6,1.4532577991485596,,,1
informarexresistere.fr,1,1,0,1.2887639999389648,6,1.2907283306121826,,,1
informarexresistere.fr,1,0,1,0.8363661766052246,4,1.3600819110870361,2,3,1
running-sigi.de,1,0,0,5.3231024742126465,22,5.333112478256226,,,0
running-sigi.de,1,1,0,5.243844509124756,22,5.253237962722778,,,0
running-sigi.de,1,0,1,1.6664903163909912,7,1.878058910369873,6,6,0
buynowfromusa.com,1,0,0,0.6266212463378906,3,0.6286435127258301,,,1
buynowfromusa.com,1,1,0,0.6489875316619873,3,0.650890588760376,,,1
buynowfromusa.com,1,0,1,0.6286382675170898,3,5.636507511138916,1,2,1
fini.net,1,0,0,0.8630971908569336,3,0.864229679107666,,,1
fini.net,1,1,0,0.8572871685028076,3,0.8584814071655273,,,1
fini.net,1,0,1,0.3088066577911377,1,1.0394320487976074,2,0,1
energybulbs.co.uk,1,0,0,1.6552791595458984,6,1.658332347869873,,,1
energybulbs.co.uk,1,1,0,1.6042919158935547,6,1.6068532466888428,,,1
energybulbs.co.uk,1,0,1,1.0529329776763916,5,6.062149286270142,2,4,1
lozo.com,1,0,0,0.5156903266906738,3,0.5174524784088135,,,2
lozo.com,1,1,0,0.6279110908508301,3,0.6292424201965332,,,2
lozo.com,1,0,1,0.6565485000610352,3,5.663543462753296,1,2,2
newstetic.com,1,0,0,0.6709542274475098,3,0.6720800399780273,,,2
newstetic.com,1,1,0,0.5429580211639404,3,0.5439953804016113,,,2
newstetic.com,1,0,1,0.657501220703125,3,5.665153741836548,1,2,2
triggerfish.se,1,0,0,0.5261869430541992,3,0.5271379947662354,,,2
triggerfish.se,1,1,0,0.5519037246704102,3,0.5528857707977295,,,2
triggerfish.se,1,0,1,0.2034459114074707,1,0.603421688079834,2,0,2
reprosystems.ru,1,0,0,1.1861119270324707,6,1.1894237995147705,,,2
reprosystems.ru,1,1,0,1.1533899307250977,6,1.1568636894226074,,,2
reprosystems.ru,1,0,1,0.2436678409576416,1,1.2696564197540283,2,0,2
interfloracentral.co.uk,1,0,0,1.4542644023895264,6,1.4579825401306152,,,1
interfloracentral.co.uk,1,1,0,1.2898144721984863,6,1.2917752265930176,,,1
interfloracentral.co.uk,1,0,1,0.2059175968170166,1,1.0442090034484863,2,0,1
afairjudgement.com,1,0,0,0.5677661895751953,3,0.5687737464904785,,,2
afairjudgement.com,1,1,0,0.7307643890380859,3,0.731964111328125,,,2
afairjudgement.com,1,0,1,0.15388798713684082,1,0.41808295249938965,2,0,2
owlcreek.com,1,0,0,0.8693797588348389,3,0.8702926635742188,,,1
owlcreek.com,1,1,0,0.749880313873291,3,0.7509729862213135,,,1
owlcreek.com,1,0,1,0.20352840423583984,1,0.9232461452484131,2,0,1
radioterminal.ru,1,0,0,0.7317183017730713,3,0.7330927848815918,,,1
radioterminal.ru,1,1,0,0.6489040851593018,3,0.6498355865478516,,,1
radioterminal.ru,1,0,1,0.17271757125854492,1,0.6992461681365967,2,0,1
junio.com,1,0,0,0.9417860507965088,3,0.9427046775817871,,,1
junio.com,1,1,0,0.9318413734436035,3,0.9332518577575684,,,1
junio.com,1,0,1,0.9381005764007568,3,5.944664001464844,1,2,1
alchemedialtd.com,1,0,0,0.5411193370819092,3,0.5422077178955078,,,1
alchemedialtd.com,1,1,0,0.843142032623291,3,0.8450791835784912,,,1
alchemedialtd.com,1,0,1,0.2123098373413086,1,0.70676589012146,2,0,1
portclydegeneralstore.com,1,0,0,0.7337679862976074,3,0.7350778579711914,,,4
portclydegeneralstore.com,1,1,0,0.7520368099212646,3,0.7544455528259277,,,4
portclydegeneralstore.com,1,0,1,0.22993063926696777,1,0.7541744709014893,2,0,4
alenpuaca.com,1,0,0,0.9308533668518066,3,0.9320170879364014,,,1
alenpuaca.com,1,1,0,0.8222460746765137,3,0.8233091831207275,,,1
alenpuaca.com,1,0,1,0.31343984603881836,1,0.5724301338195801,2,0,1
advertos.ru,1,0,0,2.1973395347595215,9,2.2013373374938965,,,1
advertos.ru,1,1,0,1.4852583408355713,6,1.487490177154541,,,1
advertos.ru,1,0,1,0.16533565521240234,1,1.347008466720581,2,0,1
kh.ua,1,0,0,0.8848142623901367,3,0.8858497142791748,,,1
kh.ua,1,1,0,0.719130277633667,3,0.7201457023620605,,,1
kh.ua,1,0,1,0.7679610252380371,3,0.7693440914154053,0,3,1
kennethehartman.com,1,0,0,0.5119802951812744,3,0.5129880905151367,,,2
kennethehartman.com,1,1,0,0.6541311740875244,3,0.6551446914672852,,,2
kennethehartman.com,1,0,1,0.6085653305053711,3,5.6153082847595215,1,2,2
hemcolubricants.com,1,0,0,1.5712921619415283,6,1.5731620788574219,,,2
hemcolubricants.com,1,1,0,1.3867297172546387,6,1.3886160850524902,,,2
hemcolubricants.com,1,0,1,0.3124570846557617,1,1.36053466796875,2,0,2
forpsi.net,1,0,0,0.9579634666442871,3,0.9590098857879639,,,1
forpsi.net,1,1,0,0.6535344123840332,3,0.6545820236206055,,,1
forpsi.net,1,0,1,0.31096720695495605,1,0.8334648609161377,2,0,1
memeblender.com,1,0,0,0.4782285690307617,3,0.47925806045532227,,,2
memeblender.com,1,1,0,0.546928882598877,3,0.5487074851989746,,,2
memeblender.com,1,0,1,0.6001713275909424,3,5.60713005065918,1,2,2
gamemob.com,1,0,0,0.9868326187133789,3,0.9879536628723145,,,2
gamemob.com,1,1,0,0.7510628700256348,3,0.7522435188293457,,,2
gamemob.com,1,0,1,0.8340072631835938,3,5.841952800750732,1,2,2
door2games.com,1,0,0,0.9810643196105957,3,0.9824762344360352,,,1
door2games.com,1,1,0,0.7503094673156738,3,0.7514519691467285,,,1
door2games.com,1,0,1,0.7207248210906982,3,5.727869033813477,1,2,1
ondemandappliancerepair.com,1,0,0,0.6325697898864746,3,0.6368253231048584,,,1
ondemandappliancerepair.com,1,1,0,0.6496250629425049,3,0.6506443023681641,,,1
ondemandappliancerepair.com,1,0,1,0.7108252048492432,3,0.7126970291137695,1,2,1
gensee.com,1,0,0,0.5247526168823242,3,0.5259146690368652,,,1
gensee.com,1,1,0,0.6515874862670898,3,0.6527190208435059,,,1
gensee.com,1,0,1,0.2042100429534912,1,0.6056973934173584,2,0,1
caricsports.com,1,0,0,0.6385142803192139,3,0.6406424045562744,,,2
caricsports.com,1,1,0,0.6100518703460693,3,0.6119956970214844,,,2
caricsports.com,1,0,1,0.17643332481384277,1,0.6321041584014893,2,0,2
toaskfuture.com,1,0,0,0.6692728996276855,3,0.6703972816467285,,,1
toaskfuture.com,1,1,0,0.6454801559448242,3,0.6473875045776367,,,1
toaskfuture.com,1,0,1,0.20350098609924316,1,0.7125101089477539,2,0,1
cetsi.fr,1,0,0,0.731175422668457,3,0.7326493263244629,,,1
cetsi.fr,1,1,0,0.6466095447540283,3,0.6476871967315674,,,1
cetsi.fr,1,0,1,0.1723020076751709,1,0.6988234519958496,2,0,1
bikesandtransit.com,1,0,0,0.5205323696136475,3,0.5215287208557129,,,2
bikesandtransit.com,1,1,0,0.6450662612915039,3,0.6464252471923828,,,2
bikesandtransit.com,1,0,1,0.2052602767944336,1,0.6084644794464111,2,0,2
aqvr.com,1,0,0,0.7423138618469238,3,0.7432053089141846,,,1
aqvr.com,1,1,0,1.0742740631103516,3,1.075364112854004,,,1
aqvr.com,1,0,1,0.21194863319396973,1,0.9465916156768799,2,0,1
niceinternetmoney.ru,1,0,0,5.73444128036499,21,5.745059013366699,,,0
niceinternetmoney.ru,1,1,0,5.012930154800415,21,5.023019790649414,,,0
niceinternetmoney.ru,1,0,1,2.017441987991333,6,2.423203468322754,6,5,0
pictures-thailand.com,1,0,0,0.9331488609313965,3,0.934119701385498,,,1
pictures-thailand.com,1,1,0,0.859215259552002,3,0.8602542877197266,,,1
pictures-thailand.com,1,0,1,0.2667417526245117,1,0.9213807582855225,2,0,1
2brightsparks.co.uk,1,0,0,1.0968918800354004,6,1.1000373363494873,,,4
2brightsparks.co.uk,1,1,0,1.2469439506530762,6,1.2494282722473145,,,4
2brightsparks.co.uk,1,0,1,0.18759489059448242,1,1.5934369564056396,2,0,4
astrumonline.ru,1,0,0,1.9413948059082031,6,1.9442155361175537,,,1
astrumonline.ru,1,1,0,1.6281652450561523,6,1.6308131217956543,,,1
astrumonline.ru,1,0,1,0.21288561820983887,1,1.2373926639556885,2,0,1
blueridgelife.com,1,0,0,0.8709921836853027,3,0.8732829093933105,,,1
blueridgelife.com,1,1,0,0.6428966522216797,3,0.6449625492095947,,,1
blueridgelife.com,1,0,1,0.18518567085266113,1,0.7195110321044922,2,0,1
mwzip.com,1,0,0,0.41834139823913574,3,0.42048215866088867,,,2
mwzip.com,1,1,0,0.7531077861785889,3,0.7550249099731445,,,2
mwzip.com,1,0,1,0.48892641067504883,3,5.496525049209595,1,2,2
gusbi.com,1,0,0,0.5995512008666992,3,0.6007020473480225,,,1
gusbi.com,1,1,0,0.7175641059875488,3,0.7190005779266357,,,1
gusbi.com,1,0,1,0.25795698165893555,1,0.870593786239624,2,0,1
simternet.com,1,0,0,0.5812175273895264,3,0.582869291305542,,,2
simternet.com,1,1,0,0.7420790195465088,3,0.7433066368103027,,,2
simternet.com,1,0,1,0.17561960220336914,1,0.6066091060638428,2,0,2
khsm.ru,1,0,0,1.2664990425109863,6,1.269162893295288,,,1
khsm.ru,1,1,0,1.2325994968414307,6,1.2348144054412842,,,1
khsm.ru,1,0,1,0.20882582664489746,1,1.398650884628296,2,0,1
livelinks.com,1,0,0,0.8187015056610107,3,0.8198137283325195,,,4
livelinks.com,1,1,0,0.5750203132629395,3,0.5769443511962891,,,4
livelinks.com,1,0,1,0.20834064483642578,1,0.5244612693786621,2,0,4
jantv.in,1,0,0,1.06581711769104,6,1.0682835578918457,,,2
jantv.in,1,1,0,1.0741007328033447,6,1.076568603515625,,,2
jantv.in,1,0,1,0.4405951499938965,3,0.44173693656921387,1,3,2
hornil.com,1,0,0,0.8438632488250732,3,0.844841480255127,,,1
hornil.com,1,1,0,0.8599541187286377,3,0.8609659671783447,,,1
hornil.com,1,0,1,0.7319865226745605,3,5.738410949707031,1,2,1
7dfps.com,1,0,0,0.5247228145599365,3,0.5257759094238281,,,2
7dfps.com,1,1,0,0.6456480026245117,3,0.6475484371185303,,,2
7dfps.com,1,0,1,0.5517213344573975,3,5.558613061904907,1,2,2
luckypuppygames.com,1,0,0,0.6279520988464355,3,0.6291468143463135,,,6
luckypuppygames.com,1,1,0,0.6415321826934814,3,0.6427991390228271,,,6
luckypuppygames.com,1,0,1,0.26828956604003906,1,1.007927417755127,2,0,6
b-matrix.com,1,0,0,0.8338069915771484,3,0.8351397514343262,,,1
b-matrix.com,1,1,0,0.7546756267547607,3,0.7561290264129639,,,1
b-matrix.com,1,0,1,0.18339967727661133,1,0.8113179206848145,2,0,1
afresnohomeinspector.com,1,0,0,1.7711658477783203,6,1.774160385131836,,,1
afresnohomeinspector.com,1,1,0,1.7148027420043945,6,1.7171299457550049,,,1
afresnohomeinspector.com,1,0,1,0.17063546180725098,1,1.144080638885498,2,0,1
pieceinch.com,1,0,0,0.6424589157104492,3,0.6435070037841797,,,2
pieceinch.com,1,1,0,0.7242133617401123,3,0.725499153137207,,,2
pieceinch.com,1,0,1,0.16593456268310547,1,0.7106513977050781,2,0,2
australiatradenow.com,1,0,0,0.6385936737060547,3,0.6395618915557861,,,2
australiatradenow.com,1,1,0,0.641155481338501,3,0.6423056125640869,,,2
australiatradenow.com,1,0,1,0.18418169021606445,1,0.44982337951660156,2,0,2
diamondknot.com,1,0,0,0.7399649620056152,3,0.7411463260650635,,,4
diamondknot.com,1,1,0,0.7495980262756348,3,0.7510316371917725,,,4
diamondknot.com,1,0,1,0.41497015953063965,1,1.0444927215576172,2,0,4
amorefieldlife.com,1,0,0,0.5286097526550293,3,0.5302250385284424,,,1
amorefieldlife.com,1,1,0,0.7218525409698486,3,0.7237963676452637,,,1
amorefieldlife.com,1,0,1,0.31020045280456543,1,1.020578384399414,2,0,1
wrestlingfanssuck.com,1,0,0,0.9468777179718018,3,0.9480941295623779,,,1
wrestlingfanssuck.com,1,1,0,0.6970911026000977,3,0.6984665393829346,,,1
wrestlingfanssuck.com,1,0,1,0.2086930274963379,1,0.5812034606933594,2,0,1
autofirenze.biz,1,0,0,1.981003999710083,9,1.984201192855835,,,1
autofirenze.biz,1,1,0,2.3180296421051025,9,2.3217933177948,,,1
autofirenze.biz,1,0,1,0.2085425853729248,1,0.5249185562133789,2,0,1
house-sg.com,1,0,0,2.515275239944458,9,2.5189414024353027,,,1
house-sg.com,1,1,0,2.3188822269439697,9,2.32297420501709,,,1
house-sg.com,1,0,1,0.20638585090637207,1,2.2964940071105957,2,0,1
camcard.com,1,0,0,0.5704131126403809,3,0.5714626312255859,,,2
camcard.com,1,1,0,0.5433459281921387,3,0.5444726943969727,,,2
camcard.com,1,0,1,0.3126833438873291,1,0.9223728179931641,2,0,2
ppsuika.ac.id,1,0,0,1.4802076816558838,7,1.4831819534301758,,,1
ppsuika.ac.id,1,1,0,1.6930947303771973,7,1.6954243183135986,,,1
ppsuika.ac.id,1,0,1,1.1888196468353271,5,1.5690889358520508,2,4,1
healthnews4you.com,1,0,0,0.7252383232116699,3,0.7262508869171143,,,2
healthnews4you.com,1,1,0,0.977654218673706,3,0.9787125587463379,,,2
healthnews4you.com,1,0,1,0.20726656913757324,1,0.6305303573608398,2,0,2
stunninggirls.net,1,0,0,0.5146009922027588,3,0.5158777236938477,,,1
stunninggirls.net,1,1,0,0.7027530670166016,3,0.7039878368377686,,,1
stunninggirls.net,1,0,1,0.1808183193206787,1,0.3696002960205078,2,0,1
kathihill.com,1,0,0,0.9475388526916504,3,0.9488630294799805,,,1
kathihill.com,1,1,0,0.6472678184509277,3,0.6482505798339844,,,1
kathihill.com,1,0,1,0.20788788795471191,1,0.5262830257415771,2,0,1
linksplash.info,1,0,0,3.348137378692627,17,3.354644775390625,,,0
linksplash.info,1,1,0,3.567730665206909,17,3.575187921524048,,,0
linksplash.info,1,0,1,1.249556541442871,7,1.4643967151641846,6,6,0
group14eng.com,1,0,0,0.9545290470123291,3,0.9557125568389893,,,1
group14eng.com,1,1,0,0.6501460075378418,3,0.6515040397644043,,,1
group14eng.com,1,0,1,0.20953655242919922,1,0.6296515464782715,2,0,1
shqqaa.com,1,0,0,0.45877885818481445,3,0.459822416305542,,,2
shqqaa.com,1,1,0,0.5453336238861084,3,0.5463919639587402,,,2
shqqaa.com,1,0,1,0.6339659690856934,3,5.640678644180298,1,2,2
mesites.co.za,1,0,0,2.2953410148620605,7,2.2975661754608154,,,1
mesites.co.za,1,1,0,2.319286346435547,7,2.321516513824463,,,1
mesites.co.za,1,0,1,1.0635499954223633,4,6.268976926803589,2,3,1
progettogiovani.pd.it,1,0,0,0.788132905960083,3,0.7891273498535156,,,1
progettogiovani.pd.it,1,1,0,0.599114179611206,3,0.6001975536346436,,,1
progettogiovani.pd.it,1,0,1,0.7323453426361084,3,0.7343437671661377,0,3,1
asadventure.com,1,0,0,0.5065054893493652,3,0.5074334144592285,,,4
asadventure.com,1,1,0,0.4471609592437744,3,0.4480783939361572,,,4
asadventure.com,1,0,1,0.5116231441497803,3,5.519248008728027,1,2,4
michiganbulb.com,1,0,0,0.7138466835021973,3,0.7155067920684814,,,1
michiganbulb.com,1,1,0,0.8211023807525635,3,0.8226532936096191,,,1
michiganbulb.com,1,0,1,0.8219552040100098,3,5.828800201416016,1,2,1
shivalikprints.com,1,0,0,0.6039001941680908,3,0.6050889492034912,,,1
shivalikprints.com,1,1,0,0.8216774463653564,3,0.8232467174530029,,,1
shivalikprints.com,1,0,1,0.30615878105163574,1,1.0174860954284668,2,0,1
likeminded.ca,1,0,0,0.9028985500335693,3,0.903815507888794,,,1
likeminded.ca,1,1,0,0.9363586902618408,3,0.9374217987060547,,,1
likeminded.ca,1,0,1,0.82057785987854,3,0.8216314315795898,0,3,1
alltransport.ru,1,0,0,0.922203540802002,3,0.9233903884887695,,,1
alltransport.ru,1,1,0,0.8104875087738037,3,0.8117849826812744,,,1
alltransport.ru,1,0,1,0.23720574378967285,1,0.8449413776397705,2,0,1
brown.edu,1,0,0,1.0389597415924072,3,6.044895172119141,,,1
brown.edu,1,1,0,1.0491883754730225,3,6.05832576751709,,,1
brown.edu,1,0,1,1.0328471660614014,3,6.0414533615112305,0,3,1
gucenmez.com,1,0,0,0.6868517398834229,3,0.6878824234008789,,,2
gucenmez.com,1,1,0,0.5246596336364746,3,0.5256707668304443,,,2
gucenmez.com,1,0,1,0.3070652484893799,1,0.7202448844909668,2,0,2
seedy.dk,1,0,0,1.5263574123382568,6,1.5286931991577148,,,1
seedy.dk,1,1,0,1.6215803623199463,6,6.629517078399658,,,1
seedy.dk,1,0,1,1.1698362827301025,4,1.47877836227417,2,3,1
hivelocitymedia.com,1,0,0,0.6115825176239014,3,0.6130204200744629,,,2
hivelocitymedia.com,1,1,0,0.5230576992034912,3,0.5242736339569092,,,2
hivelocitymedia.com,1,0,1,0.24667143821716309,1,0.616837739944458,2,0,2
jabeye.org,1,0,0,1.1767642498016357,6,1.178548812866211,,,1
jabeye.org,1,1,0,1.452517032623291,6,1.4545402526855469,,,1
jabeye.org,1,0,1,0.20623183250427246,1,0.40737009048461914,2,0,1
cellularfactory.com,1,0,0,0.5987350940704346,3,0.5997614860534668,,,1
cellularfactory.com,1,1,0,0.7718081474304199,3,0.7728679180145264,,,1
cellularfactory.com,1,0,1,0.2419898509979248,1,0.5563032627105713,2,0,1
tsksv.ru,1,1,0,0.875504732131958,3,5.882039785385132,,,1
tsksv.ru,1,0,1,0.195814847946167,1,1.0275459289550781,2,0,1
gaybodyblog.com,1,0,0,0.6142215728759766,3,0.6152257919311523,,,1
gaybodyblog.com,1,1,0,0.7353153228759766,3,0.7367115020751953,,,1
gaybodyblog.com,1,0,1,0.7105691432952881,3,0.7121765613555908,1,2,1
datadikdki.net,1,0,0,1.5286290645599365,6,1.5317227840423584,,,2
datadikdki.net,1,1,0,1.4417192935943604,6,1.4450328350067139,,,2
datadikdki.net,1,0,1,1.033355474472046,4,6.148434638977051,3,2,2
mumphi.de,1,0,0,1.8382055759429932,6,1.8403429985046387,,,1
mumphi.de,1,1,0,1.5533931255340576,6,1.5567305088043213,,,1
mumphi.de,1,0,1,0.26727771759033203,1,1.374830722808838,2,0,1
brfone.com,1,0,0,0.8101723194122314,3,0.8117978572845459,,,2
brfone.com,1,1,0,0.8319089412689209,3,0.8333783149719238,,,2
brfone.com,1,0,1,0.9345664978027344,3,5.943119764328003,1,2,2
newpages2u.com,1,0,0,1.6268384456634521,6,1.630401611328125,,,1
newpages2u.com,1,1,0,1.6491003036499023,6,1.6509194374084473,,,1
newpages2u.com,1,0,1,0.1971580982208252,1,1.1384525299072266,2,0,1
bigjournalism.com,1,0,0,0.6022012233734131,3,0.6035857200622559,,,2
bigjournalism.com,1,1,0,0.6283323764801025,3,0.6295480728149414,,,2
bigjournalism.com,1,0,1,0.2045590877532959,1,0.6177141666412354,2,0,2
congsoxanh.com,1,0,0,0.7852404117584229,3,0.7863099575042725,,,2
congsoxanh.com,1,1,0,0.6269335746765137,3,0.6279823780059814,,,2
congsoxanh.com,1,0,1,0.29260754585266113,1,0.6037511825561523,2,0,2
visualtap.com,1,0,0,0.820188045501709,3,0.8212859630584717,,,1
visualtap.com,1,1,0,0.8327736854553223,3,0.8339023590087891,,,1
visualtap.com,1,0,1,0.8350720405578613,3,5.84115743637085,1,2,1
oberoncompany.com,1,0,0,0.6437523365020752,3,0.6450233459472656,,,2
oberoncompany.com,1,1,0,0.6289083957672119,3,0.6302249431610107,,,2
oberoncompany.com,1,0,1,0.2426166534423828,1,0.6531960964202881,2,0,2
consejodentistas.org,1,0,0,1.3320116996765137,6,6.339418411254883,,,1
consejodentistas.org,1,1,0,1.1394941806793213,6,1.1414787769317627,,,1
consejodentistas.org,1,0,1,0.20504426956176758,1,6.251324653625488,2,0,1
k-dsl.de,1,0,1,1.8958630561828613,7,2.097168445587158,6,6,0
asip.es,1,0,0,3.4077084064483643,13,3.414529800415039,,,0
asip.es,1,1,0,2.761662244796753,12,7.771709680557251,,,0
asip.es,1,0,1,0.8630695343017578,5,0.8655879497528076,4,5,0
androgyn.org,1,0,1,0.17597436904907227,1,0.8849382400512695,2,0,1
hotel.ch,1,0,0,1.11232328414917,6,1.1157464981079102,,,2
hotel.ch,1,1,0,1.3416743278503418,6,1.3448405265808105,,,2
hotel.ch,1,0,1,1.059300422668457,4,1.2656290531158447,2,3,2
c3budiman.tk,1,0,0,3.4708480834960938,13,3.475637912750244,,,0
c3budiman.tk,1,1,0,3.594047784805298,13,3.5986058712005615,,,0
c3budiman.tk,1,0,1,1.5360302925109863,5,1.5385537147521973,4,5,0
phoenix-music.ru,1,0,1,1.6210289001464844,6,1.9353132247924805,6,5,0
udoo24.com,1,1,0,0.6305642127990723,3,0.631507158279419,,,1
udoo24.com,1,0,1,0.31160855293273926,1,0.7451183795928955,2,0,1
ljyelectronic.com,1,0,0,0.7392323017120361,3,0.7404611110687256,,,1
ljyelectronic.com,1,1,0,0.5781126022338867,3,0.5790224075317383,,,1
ljyelectronic.com,1,0,1,0.7475121021270752,3,5.754846096038818,1,2,1
bek.ir,1,0,1,1.5582025051116943,5,1.561171054840088,4,5,0
valerievandenbroek.nl,1,0,0,2.264983654022217,10,2.269747018814087,,,0
valerievandenbroek.nl,1,1,0,1.8005576133728027,10,1.805234432220459,,,0
valerievandenbroek.nl,1,0,1,0.914071798324585,4,0.9161858558654785,3,4,0
lacuentaperdida.org,1,0,0,2.779233455657959,21,2.7903401851654053,,,0
lacuentaperdida.org,1,1,0,3.339266061782837,21,3.3481032848358154,,,0
lacuentaperdida.org,1,0,1,0.9884004592895508,7,1.046637773513794,6,6,0
alkoholiker-clan.de,1,0,0,1.7725133895874023,6,1.774998426437378,,,1
alkoholiker-clan.de,1,1,0,1.5323553085327148,6,1.5353410243988037,,,1
alkoholiker-clan.de,1,0,1,0.3379063606262207,1,1.589442253112793,2,0,1
doommovie.com,1,0,0,0.5628771781921387,3,0.5645713806152344,,,2
doommovie.com,1,1,0,0.6567869186401367,3,0.6577916145324707,,,2
doommovie.com,1,0,1,0.20039129257202148,1,0.5234518051147461,2,0,2
uanet.net,1,0,0,1.9400317668914795,6,1.9419944286346436,,,1
uanet.net,1,1,0,2.2264950275421143,6,2.229398488998413,,,1
uanet.net,1,0,1,0.21861934661865234,1,6.702419281005859,2,0,1
tomorrowsreflection.com,1,0,0,0.7742984294891357,3,0.7754850387573242,,,1
tomorrowsreflection.com,1,1,0,0.7638490200042725,3,0.7655947208404541,,,1
tomorrowsreflection.com,1,0,1,0.2148585319519043,1,0.7336840629577637,2,0,1
lighthouse.cc,1,0,0,0.9499530792236328,3,0.9517271518707275,,,1
lighthouse.cc,1,1,0,0.974259614944458,3,0.9751763343811035,,,1
lighthouse.cc,1,0,1,0.9522778987884521,3,0.95330810546875,0,3,1
7sports.jp,1,0,0,1.9802217483520508,6,1.982466220855713,,,1
7sports.jp,1,1,0,1.3920907974243164,6,1.3940739631652832,,,1
7sports.jp,1,0,1,1.005702018737793,4,1.7154066562652588,2,3,1
gamepsvita.com,1,0,0,0.521813154220581,3,0.5229251384735107,,,2
gamepsvita.com,1,1,0,0.73880934715271,3,0.7400631904602051,,,2
gamepsvita.com,1,0,1,0.7529022693634033,3,5.760630130767822,1,2,2
thunderex.com,1,0,0,0.8564224243164062,3,0.8575327396392822,,,1
thunderex.com,1,1,0,0.7317149639129639,3,0.7331244945526123,,,1
thunderex.com,1,0,1,0.26222705841064453,1,0.8228096961975098,2,0,1
zamlelova.ru,1,0,0,3.5558106899261475,12,8.565998315811157,,,1
zamlelova.ru,1,1,0,3.25871205329895,12,3.2627809047698975,,,1
zamlelova.ru,1,0,1,0.20007538795471191,1,8.589325666427612,2,0,1
atomicbase.com,1,0,0,0.8831241130828857,3,0.8843374252319336,,,1
atomicbase.com,1,1,0,1.0682783126831055,3,1.069223165512085,,,1
atomicbase.com,1,0,1,0.17119264602661133,1,0.8220932483673096,2,0,1
fanzi.pl,1,0,0,3.7709226608276367,17,3.777712106704712,,,0
fanzi.pl,1,1,0,3.0214004516601562,17,3.0278565883636475,,,0
fanzi.pl,1,0,1,1.534562349319458,7,1.5397858619689941,5,7,0
womenology.com,1,0,0,0.8612511157989502,3,0.8630011081695557,,,1
womenology.com,1,1,0,1.9866399765014648,3,1.987635612487793,,,1
womenology.com,1,0,1,0.48882150650024414,3,5.495154619216919,1,2,1
tonaci.com,1,0,0,0.7051472663879395,3,0.7062585353851318,,,1
tonaci.com,1,1,0,0.6290786266326904,3,0.6301720142364502,,,1
tonaci.com,1,0,1,0.3939192295074463,1,0.933570146560669,2,0,1
youngsnetwork.it,1,0,0,4.125683546066284,18,4.132696151733398,,,0
youngsnetwork.it,1,1,0,4.465558052062988,18,4.472325801849365,,,0
youngsnetwork.it,1,0,1,1.4303090572357178,7,1.537799596786499,6,6,0
gvowebcast.com,1,0,0,0.6045875549316406,3,0.6060116291046143,,,2
gvowebcast.com,1,1,0,0.5257434844970703,3,0.5274841785430908,,,2
gvowebcast.com,1,0,1,0.20238518714904785,1,0.5156474113464355,2,0,2
aspiringwriter.ca,1,0,0,2.3501534461975098,12,7.360853672027588,,,0
aspiringwriter.ca,1,1,0,2.7750332355499268,13,2.779970169067383,,,0
aspiringwriter.ca,1,0,1,1.192828893661499,5,1.5383620262145996,5,4,0
mpskota.com,1,0,0,0.48535609245300293,3,0.4871678352355957,,,1
mpskota.com,1,1,0,0.6441404819488525,3,0.6455316543579102,,,1
mpskota.com,1,0,1,0.20443391799926758,1,0.5151615142822266,2,0,1
ohdev.co.uk,1,0,0,1.1116538047790527,6,1.1142940521240234,,,1
ohdev.co.uk,1,1,0,1.1383755207061768,6,1.1406958103179932,,,1
ohdev.co.uk,1,0,1,0.2666597366333008,1,0.8333020210266113,2,0,1
thereeftank.com,1,0,0,0.6345005035400391,3,0.6365625858306885,,,4
thereeftank.com,1,1,0,0.6117489337921143,3,0.6128795146942139,,,4
thereeftank.com,1,0,1,0.6941549777984619,3,5.70203971862793,1,2,4
volksschule-neufahrn.de,1,1,0,4.922401189804077,22,4.932125091552734,,,0
volksschule-neufahrn.de,1,0,1,1.2378439903259277,6,6.553702354431152,6,5,0
jcwcn.com,1,0,0,1.7323486804962158,6,1.736269235610962,,,1
jcwcn.com,1,1,0,1.7205958366394043,6,1.7226648330688477,,,1
jcwcn.com,1,0,1,0.17362141609191895,1,1.8234846591949463,2,0,1
huhgmbh.com,1,0,0,0.8414056301116943,3,0.8429911136627197,,,2
huhgmbh.com,1,1,0,0.7448389530181885,3,0.7462985515594482,,,2
huhgmbh.com,1,0,1,0.690889835357666,3,5.697565317153931,1,2,2
redcrosseth.org,1,0,0,0.863196849822998,6,0.8667867183685303,,,1
redcrosseth.org,1,1,0,1.2034175395965576,6,1.206843376159668,,,1
redcrosseth.org,1,0,1,0.20881032943725586,1,1.3149733543395996,2,0,1
lookpage.org,1,0,0,3.1675186157226562,21,3.1765434741973877,,,0
lookpage.org,1,1,0,2.4418845176696777,21,2.449620485305786,,,0
lookpage.org,1,0,1,0.7759010791778564,7,0.9187400341033936,6,6,0
mplus.hk,1,1,0,1.0104117393493652,3,1.0113472938537598,,,1
mplus.hk,1,0,1,0.9044139385223389,3,0.9056432247161865,0,3,1
itattoos.org,1,0,0,3.1552481651306152,21,3.1666150093078613,,,0
itattoos.org,1,1,0,5.020087480545044,21,5.028505086898804,,,0
itattoos.org,1,0,1,0.9170925617218018,7,1.0289831161499023,6,6,0
lgmonitorreview.nl,1,0,0,1.741304636001587,10,1.7458219528198242,,,0
lgmonitorreview.nl,1,1,0,1.5178415775299072,10,1.5225574970245361,,,0
lgmonitorreview.nl,1,0,1,0.6518363952636719,4,0.8482198715209961,4,3,0
sscw.ee,1,0,0,0.5328900814056396,3,0.5339398384094238,,,1
sscw.ee,1,1,0,0.6943776607513428,3,0.6954066753387451,,,1
sscw.ee,1,0,1,0.7183856964111328,3,0.7195079326629639,0,3,1
nucre.com,1,0,0,1.1168789863586426,6,1.119685173034668,,,1
nucre.com,1,1,0,1.136049509048462,6,1.138270616531372,,,1
nucre.com,1,0,1,0.30774402618408203,1,1.233353614807129,2,0,1
mattselznick.com,1,0,0,0.5076503753662109,3,0.5086102485656738,,,1
mattselznick.com,1,1,0,0.5145447254180908,3,0.5156111717224121,,,1
mattselznick.com,1,0,1,0.20390009880065918,1,0.5149874687194824,2,0,1
horn-elektronik.com,1,0,0,1.11771821975708,6,1.1197636127471924,,,1
horn-elektronik.com,1,1,0,1.2405354976654053,6,1.2423961162567139,,,1
horn-elektronik.com,1,0,1,0.2046036720275879,1,1.0267682075500488,2,0,1
rousing.dk,1,0,0,0.5801200866699219,3,0.5811309814453125,,,1
rousing.dk,1,1,0,0.6663267612457275,3,5.672602415084839,,,1
rousing.dk,1,0,1,0.20827841758728027,1,0.6311745643615723,2,0,1
casco.com,1,0,0,0.6162698268890381,3,0.618849515914917,,,1
casco.com,1,1,0,0.5217587947845459,3,0.5230872631072998,,,1
casco.com,1,0,1,0.18791651725769043,1,0.5153372287750244,2,0,1
ambassadorsspfhf.org,1,0,0,2.9690513610839844,21,2.978757619857788,,,0
ambassadorsspfhf.org,1,1,0,2.7967400550842285,21,2.8056137561798096,,,0
ambassadorsspfhf.org,1,0,1,1.2261598110198975,7,1.2922468185424805,6,6,0
capella.edu,1,0,0,1.1235682964324951,6,6.131253242492676,,,2
capella.edu,1,1,0,1.355156660079956,6,6.363672256469727,,,2
capella.edu,1,0,1,0.2046833038330078,1,0.82318115234375,2,0,2
nipslab.org,1,0,0,1.831604242324829,9,1.8364481925964355,,,1
nipslab.org,1,1,0,1.7501845359802246,9,1.75335693359375,,,1
nipslab.org,1,0,1,0.20221352577209473,1,2.052264928817749,2,0,1
webxtrap.com,1,0,0,0.6841244697570801,3,0.6859288215637207,,,1
webxtrap.com,1,1,0,0.6565144062042236,3,0.6585352420806885,,,1
webxtrap.com,1,0,1,0.20357632637023926,1,0.6106595993041992,2,0,1
ovtoc.com,1,0,0,0.6252150535583496,3,0.6262955665588379,,,1
ovtoc.com,1,1,0,0.6185519695281982,3,0.6195042133331299,,,1
ovtoc.com,1,0,1,0.20361852645874023,1,0.6177372932434082,2,0,1
vaco.ru,1,0,0,1.4337446689605713,6,1.4361717700958252,,,1
vaco.ru,1,1,0,1.6528100967407227,6,1.6547927856445312,,,1
vaco.ru,1,0,1,0.20453190803527832,1,6.552977561950684,2,0,1
ku.edu,1,0,0,0.9215793609619141,3,5.927929639816284,,,1
ku.edu,1,1,0,0.8449041843414307,3,5.851297378540039,,,1
amedeos.net,1,0,0,1.4323489665985107,6,1.4345269203186035,,,2
amedeos.net,1,1,0,1.446911096572876,6,1.449216365814209,,,2
amedeos.net,1,0,1,0.20508337020874023,1,0.6174263954162598,2,0,2
thankfullyyours.com,1,0,0,0.6027133464813232,3,0.603834867477417,,,1
thankfullyyours.com,1,1,0,0.6273493766784668,3,0.6287519931793213,,,1
thankfullyyours.com,1,0,1,0.6305603981018066,3,5.6364381313323975,1,2,1
elettronix.com,1,0,0,1.5254790782928467,6,1.5282001495361328,,,1
elettronix.com,1,1,0,1.2405509948730469,6,1.2428505420684814,,,1
elettronix.com,1,0,1,0.731142520904541,4,6.250744104385376,3,2,1
meintrendyhandy.de,1,0,0,1.3195645809173584,6,1.322455883026123,,,1
meintrendyhandy.de,1,1,0,1.2143158912658691,6,1.2171926498413086,,,1
meintrendyhandy.de,1,0,1,0.20534205436706543,1,0.6434388160705566,2,0,1
a-loud.com,1,0,0,0.6053388118743896,3,0.6064484119415283,,,1
a-loud.com,1,1,0,0.6274113655090332,3,0.6296951770782471,,,1
a-loud.com,1,0,1,0.20424795150756836,1,0.6194682121276855,2,0,1
hznzcn.com,1,0,0,1.6404571533203125,6,1.6427381038665771,,,1
hznzcn.com,1,1,0,1.547454595565796,6,1.5494847297668457,,,1
zilch.org,1,0,0,1.637427568435669,6,1.639918565750122,,,1
zilch.org,1,1,0,1.547743797302246,6,1.5505526065826416,,,1
zilch.org,1,0,1,0.21762657165527344,1,1.0406999588012695,2,0,1
metabans.com,1,0,0,0.6050772666931152,3,0.6063070297241211,,,2
metabans.com,1,1,0,0.5984084606170654,3,0.5994937419891357,,,2
metabans.com,1,0,1,0.7580118179321289,3,5.764902591705322,1,2,2
tretsomshop.nl,1,0,0,1.1132683753967285,6,1.1166553497314453,,,1
tretsomshop.nl,1,1,0,1.1381418704986572,6,1.1407601833343506,,,1
tretsomshop.nl,1,0,1,0.2037045955657959,1,1.2322494983673096,2,0,1
gba4iosapp.com,1,0,0,0.6849417686462402,3,0.6866228580474854,,,1
gba4iosapp.com,1,1,0,0.6506302356719971,3,0.6524415016174316,,,1
gba4iosapp.com,1,0,1,0.32175421714782715,1,0.7318332195281982,2,0,1
gadanguides.com,1,0,0,1.5087072849273682,6,1.5110085010528564,,,1
gadanguides.com,1,1,0,1.3264226913452148,6,1.3283615112304688,,,1
gadanguides.com,1,0,1,0.1892070770263672,1,0.7022733688354492,2,0,1
charityjob.co.uk,1,0,0,1.0975425243377686,6,1.100189208984375,,,3
charityjob.co.uk,1,1,0,1.1220612525939941,6,1.1242384910583496,,,3
charityjob.co.uk,1,0,1,0.2058413028717041,1,0.8080606460571289,2,0,3
ecolems.com,1,0,0,1.0711257457733154,6,1.0741748809814453,,,1
ecolems.com,1,1,0,1.0200719833374023,6,1.0224003791809082,,,1
ecolems.com,1,0,1,0.20508861541748047,1,6.093986988067627,2,0,1
anvilnetworksolutions.net,1,0,0,1.1913974285125732,6,1.1938347816467285,,,1
anvilnetworksolutions.net,1,1,0,1.4385440349578857,6,1.4408183097839355,,,1
anvilnetworksolutions.net,1,0,1,0.30493688583374023,1,1.521911859512329,2,0,1
cdmail.fr,1,0,0,1.212641954421997,6,1.2144379615783691,,,1
cdmail.fr,1,1,0,1.2274184226989746,6,1.2294890880584717,,,1
cdmail.fr,1,0,1,0.20560908317565918,1,1.0085971355438232,2,0,1
freeditorial.com,1,0,0,0.5771811008453369,3,0.5782115459442139,,,1
freeditorial.com,1,1,0,0.5187699794769287,3,0.5197877883911133,,,1
freeditorial.com,1,0,1,0.6134681701660156,3,5.619652032852173,1,2,1
ciber.com,1,0,0,0.5991401672363281,3,0.6002109050750732,,,1
ciber.com,1,1,0,0.5080537796020508,3,0.5090250968933105,,,1
ciber.com,1,0,1,0.20530247688293457,1,0.704951286315918,2,0,1
sonoma-marinfair.org,1,0,0,0.9941470623016357,6,0.9968581199645996,,,2
sonoma-marinfair.org,1,1,0,0.9178857803344727,6,0.9199271202087402,,,2
sonoma-marinfair.org,1,0,1,0.20513153076171875,1,0.8073258399963379,2,0,2
ishidatic.com,1,0,0,0.7968194484710693,3,0.7980759143829346,,,1
ishidatic.com,1,1,0,0.7062695026397705,3,0.7075364589691162,,,1
ishidatic.com,1,0,1,0.2813897132873535,1,0.8054101467132568,2,0,1
minecraftserverdeals.com,1,0,0,0.49622344970703125,3,0.4982471466064453,,,2
minecraftserverdeals.com,1,1,0,0.508223295211792,3,0.5092542171478271,,,2
minecraftserverdeals.com,1,0,1,0.20344305038452148,1,0.49971890449523926,2,0,2
romney.com,1,0,0,0.9099950790405273,3,0.911121129989624,,,1
romney.com,1,1,0,0.5958983898162842,3,0.5967628955841064,,,1
romney.com,1,0,1,0.509840726852417,3,5.516091346740723,1,2,1
bookingnest.com,1,0,0,0.6258580684661865,3,0.6269776821136475,,,2
bookingnest.com,1,1,0,0.7612152099609375,3,0.7623791694641113,,,2
bookingnest.com,1,0,1,0.20069217681884766,1,0.6590862274169922,2,0,2
metar.gr,1,0,0,1.5040655136108398,6,1.5061779022216797,,,1
metar.gr,1,1,0,1.4286818504333496,6,1.4310863018035889,,,1
metar.gr,1,0,1,1.110809326171875,5,6.1184492111206055,2,4,1
bigliettieventi.info,1,0,0,2.7404561042785645,17,2.7505452632904053,,,0
bigliettieventi.info,1,0,1,1.0193393230438232,7,1.1233196258544922,6,6,0
ftf.com,1,0,0,0.9949991703033447,6,0.9976115226745605,,,1
ftf.com,1,1,0,1.2211573123931885,6,1.2238240242004395,,,1
ftf.com,1,0,1,0.20823884010314941,1,0.6058788299560547,2,0,1
polymth.com,1,0,0,0.6855318546295166,3,0.6867287158966064,,,2
polymth.com,1,1,0,0.5090975761413574,3,0.5103194713592529,,,2
polymth.com,1,0,1,0.5078415870666504,3,5.514411449432373,1,2,2
crsgfk.de,1,0,0,4.794893026351929,21,9.807782411575317,,,0
crsgfk.de,1,0,1,1.6318011283874512,7,1.927715539932251,6,6,0
urbannetwork.co.uk,1,0,0,1.2039830684661865,6,1.2063684463500977,,,1
urbannetwork.co.uk,1,1,0,1.358034610748291,6,1.3601794242858887,,,1
urbannetwork.co.uk,1,0,1,0.20772862434387207,1,0.6732850074768066,2,0,1
synrc.com,1,0,0,0.48729825019836426,3,0.4886467456817627,,,2
synrc.com,1,1,0,0.5052468776702881,3,0.5066781044006348,,,2
synrc.com,1,0,1,0.20739364624023438,1,0.6038815975189209,2,0,2
callcomm.info,1,1,0,2.81471848487854,16,7.825902462005615,,,0
callcomm.info,1,0,1,1.020090103149414,7,1.2148959636688232,6,6,0
ceskykutil.cz,1,0,0,0.7937254905700684,3,0.7950129508972168,,,1
ceskykutil.cz,1,1,0,0.8488614559173584,3,0.8498706817626953,,,1
ceskykutil.cz,1,0,1,0.20464754104614258,1,0.6690280437469482,2,0,1
ximangquantrieu.com,1,0,0,0.6901345252990723,3,0.6911282539367676,,,1
ximangquantrieu.com,1,1,0,0.5274317264556885,3,0.5287504196166992,,,1
ximangquantrieu.com,1,0,1,0.592094898223877,3,5.599461078643799,1,2,1
shishioh.info,1,0,0,1.2123746871948242,6,1.2144324779510498,,,1
shishioh.info,1,1,0,1.2251296043395996,6,1.2270243167877197,,,1
shishioh.info,1,0,1,0.20296740531921387,1,1.0111315250396729,2,0,1
vpndefender.com,1,0,0,0.6196286678314209,3,0.6207494735717773,,,2
vpndefender.com,1,1,0,0.5636422634124756,3,0.5650875568389893,,,2
vpndefender.com,1,0,1,0.5098719596862793,3,5.516217470169067,1,2,2
hutago.com,1,0,0,1.30421781539917,6,1.3061163425445557,,,1
hutago.com,1,1,0,1.1749515533447266,6,1.176774501800537,,,1
hutago.com,1,0,1,0.6628446578979492,4,5.916324615478516,3,2,1
tangkas888.com,1,0,0,0.48401665687561035,3,0.48540234565734863,,,2
tangkas888.com,1,1,0,0.5073745250701904,3,0.508955717086792,,,2
tangkas888.com,1,0,1,0.2010641098022461,1,0.4967679977416992,2,0,2
egov.sy,1,0,0,0.6920802593231201,3,0.6929337978363037,,,1
egov.sy,1,1,0,0.6123509407043457,3,0.6132817268371582,,,1
egov.sy,1,0,1,0.49549078941345215,3,0.4966247081756592,0,3,1
abmcare.com,1,0,0,0.5154521465301514,3,0.5165047645568848,,,2
abmcare.com,1,1,0,0.42024779319763184,3,0.4222261905670166,,,2
abmcare.com,1,0,1,0.28078627586364746,1,0.5915694236755371,2,0,2
iael.com,1,0,0,0.49243974685668945,3,0.4933600425720215,,,4
iael.com,1,1,0,0.5391397476196289,3,0.5402281284332275,,,4
iael.com,1,0,1,0.6849112510681152,3,5.691431999206543,1,2,4
sailor.pl,1,0,0,0.48726439476013184,3,0.4889042377471924,,,1
sailor.pl,1,1,0,0.5095958709716797,3,0.5109360218048096,,,1
sailor.pl,1,0,1,0.20174837112426758,1,0.599057674407959,2,0,1
skyhightmatter.info,1,0,0,2.4229769706726074,17,2.4289586544036865,,,0
skyhightmatter.info,1,1,0,2.5497570037841797,17,2.555856466293335,,,0
skyhightmatter.info,1,0,1,1.124891996383667,7,1.3201086521148682,6,6,0
autopareri.com,1,0,0,0.5769104957580566,3,0.577904462814331,,,1
autopareri.com,1,1,0,0.6128833293914795,3,0.61482834815979,,,1
autopareri.com,1,0,1,0.25305819511413574,1,0.4983947277069092,2,0,1
cia.it,1,0,0,0.690885066986084,3,0.6921393871307373,,,2
cia.it,1,1,0,0.6201772689819336,3,0.6219379901885986,,,2
cia.it,1,0,1,0.19678044319152832,1,0.5882008075714111,2,0,2
texasbeyondhistory.net,1,0,0,1.6239960193634033,6,6.631785869598389,,,1
texasbeyondhistory.net,1,1,0,1.5429344177246094,6,6.5495383739471436,,,1
texasbeyondhistory.net,1,0,1,0.8928296566009521,4,6.130672454833984,3,2,1
gardenofwords.com,1,0,0,0.4918684959411621,3,0.4929165840148926,,,2
gardenofwords.com,1,1,0,0.5114457607269287,3,0.5128529071807861,,,2
gardenofwords.com,1,0,1,0.5096302032470703,3,5.5157153606414795,1,2,2
giuseppelivraghi.it,1,0,0,2.0202813148498535,9,2.023101329803467,,,1
giuseppelivraghi.it,1,1,0,1.835331678390503,9,1.8383827209472656,,,1
giuseppelivraghi.it,1,0,1,0.20425128936767578,1,1.3179926872253418,2,0,1
hdcric.com,1,0,0,0.6897799968719482,3,0.6914899349212646,,,4
hdcric.com,1,1,0,0.6107406616210938,3,0.6123499870300293,,,4
hdcric.com,1,0,1,0.6090884208679199,3,5.616293907165527,1,2,4
chekiang.info,1,0,0,3.068035125732422,17,3.0748977661132812,,,0
chekiang.info,1,1,0,2.563864231109619,16,7.575026035308838,,,0
chekiang.info,1,0,1,1.0213098526000977,7,1.1136128902435303,6,6,0
archiportale.com,1,0,0,0.5819504261016846,3,0.5834450721740723,,,2
archiportale.com,1,1,0,0.5053396224975586,3,0.5065562725067139,,,2
archiportale.com,1,0,1,0.2039179801940918,1,0.49863457679748535,2,0,2
de.vu,1,0,0,1.077054500579834,6,1.0791094303131104,,,1
de.vu,1,1,0,1.326601266860962,6,1.3293073177337646,,,1
de.vu,1,0,1,0.5987873077392578,4,0.9079725742340088,2,3,1
teachmyass.info,1,0,0,1.4042294025421143,6,1.4062249660491943,,,1
teachmyass.info,1,1,0,1.340641736984253,6,1.3425731658935547,,,1
teachmyass.info,1,0,1,0.20398688316345215,1,6.527003526687622,2,0,1
nasaspaceflight.com,1,0,0,0.49588799476623535,3,0.49718141555786133,,,2
nasaspaceflight.com,1,1,0,0.5086135864257812,3,0.5097112655639648,,,2
nasaspaceflight.com,1,0,1,0.2033677101135254,1,0.49772071838378906,2,0,2
dilw.ie,1,0,0,0.856130838394165,6,0.8580021858215332,,,1
dilw.ie,1,1,0,1.0684242248535156,6,1.0702834129333496,,,1
dilw.ie,1,0,1,0.6477065086364746,5,5.654873847961426,2,4,1
gxjbsj.com,1,0,0,0.688758373260498,3,0.6898508071899414,,,1
gxjbsj.com,1,1,0,0.8149726390838623,3,0.8163790702819824,,,1
gxjbsj.com,1,0,1,0.2043747901916504,1,0.7033874988555908,2,0,1
fmnara.com,1,0,0,1.4180927276611328,6,1.4208736419677734,,,1
fmnara.com,1,1,0,1.5292599201202393,6,1.5326318740844727,,,1
fmnara.com,1,0,1,0.22266387939453125,1,1.541158676147461,2,0,1
pet-connect.ru,1,0,0,2.8911330699920654,10,2.895512819290161,,,1
pet-connect.ru,1,1,0,2.553800106048584,10,2.5584428310394287,,,1
pet-connect.ru,1,0,1,0.2052474021911621,1,0.8052754402160645,2,0,1
synchchaos.com,1,0,0,0.7904345989227295,3,0.792400598526001,,,1
synchchaos.com,1,1,0,0.8238716125488281,3,0.8256158828735352,,,1
synchchaos.com,1,0,1,0.7041101455688477,3,5.710590362548828,1,2,1
uca.edu,1,0,0,0.8131916522979736,3,5.819398641586304,,,1
uca.edu,1,1,0,0.8307316303253174,3,5.837109804153442,,,1
oaister.org,1,0,0,1.1984977722167969,6,1.2005500793457031,,,1
oaister.org,1,1,0,1.0349185466766357,6,6.042179584503174,,,1
oaister.org,1,0,1,0.14898300170898438,1,0.8504147529602051,2,0,1
chenghuavideo.asia,1,0,1,4.440548896789551,35,5.7188720703125,33,31,0
video-peche-poisson.fr,1,0,0,2.426586389541626,13,2.4319581985473633,,,0
video-peche-poisson.fr,1,1,0,2.656569004058838,13,2.660729169845581,,,0
video-peche-poisson.fr,1,0,1,0.7135686874389648,4,0.9080002307891846,4,3,0
currencyrates.org,1,0,0,0.899284839630127,6,0.9014244079589844,,,2
currencyrates.org,1,1,0,1.11592698097229,6,1.1184163093566895,,,2
currencyrates.org,1,0,1,0.20510649681091309,1,0.704448938369751,2,0,2
zpav.pl,1,0,0,0.5537548065185547,3,0.5552184581756592,,,1
zpav.pl,1,1,0,0.5086390972137451,3,0.5095746517181396,,,1
zpav.pl,1,0,1,0.21506953239440918,1,0.6115970611572266,2,0,1
tawali.com,1,0,0,0.5891602039337158,3,0.5902564525604248,,,1
tawali.com,1,1,0,0.7139499187469482,3,0.715069055557251,,,1
tawali.com,1,0,1,0.20464873313903809,1,0.704308271408081,2,0,1
vlielandoutdoorcenter.nl,1,0,0,0.5894017219543457,3,0.5908219814300537,,,1
vlielandoutdoorcenter.nl,1,1,0,0.610445499420166,3,0.6121869087219238,,,1
vlielandoutdoorcenter.nl,1,0,1,0.2549891471862793,1,0.7047562599182129,2,0,1
gregginn.com,1,0,0,0.5564448833465576,3,0.5585274696350098,,,2
gregginn.com,1,1,0,0.735846996307373,3,0.7381830215454102,,,2
gregginn.com,1,0,1,0.20349526405334473,1,0.6015603542327881,2,0,2
arcoat.com,1,0,0,0.8279492855072021,3,0.8297278881072998,,,1
arcoat.com,1,1,0,0.6892645359039307,3,0.6902835369110107,,,1
arcoat.com,1,0,1,0.7024271488189697,3,5.708784341812134,1,2,1
michaelbyers.org,1,0,0,1.0983161926269531,6,1.1006560325622559,,,4
michaelbyers.org,1,1,0,1.2399797439575195,6,1.2427012920379639,,,4
michaelbyers.org,1,0,1,0.20381832122802734,1,1.1984024047851562,2,0,4
stkpro.ru,1,0,1,0.20267462730407715,1,0.8930037021636963,2,0,1
silveropt.ru,1,0,0,5.088542222976685,21,5.099893569946289,,,0
silveropt.ru,1,1,0,4.6962854862213135,21,4.705814361572266,,,0
silveropt.ru,1,0,1,1.7366390228271484,6,2.0360636711120605,6,5,0
topbarbee.com,1,0,0,0.6932377815246582,3,0.6942682266235352,,,1
topbarbee.com,1,1,0,0.8270614147186279,3,0.8281047344207764,,,1
topbarbee.com,1,0,1,0.30766725540161133,1,0.7924325466156006,2,0,1
teleskill.it,1,0,0,1.0962529182434082,6,1.0995328426361084,,,1
teleskill.it,1,1,0,0.9640913009643555,6,0.9666204452514648,,,1
teleskill.it,1,0,1,0.20429587364196777,1,1.1679346561431885,2,0,1
virtualjerusalem.com,1,0,0,0.701024055480957,3,0.7020025253295898,,,1
virtualjerusalem.com,1,1,0,0.7136623859405518,3,0.7148513793945312,,,1
virtualjerusalem.com,1,0,1,0.2046065330505371,1,0.8037028312683105,2,0,1
morban.co.uk,1,0,0,1.3068625926971436,6,1.3089680671691895,,,1
morban.co.uk,1,1,0,1.2198832035064697,6,1.223592758178711,,,1
morban.co.uk,1,0,1,0.30650997161865234,1,1.2143611907958984,2,0,1
mechachal.org,1,0,0,2.8349714279174805,21,2.8424477577209473,,,0
mechachal.org,1,1,0,3.1716530323028564,21,3.1794872283935547,,,0
mechachal.org,1,0,1,0.815861701965332,7,0.9017753601074219,6,6,0
noblewomanhood.com,1,0,0,0.5752766132354736,3,0.5764496326446533,,,1
noblewomanhood.com,1,1,0,0.6121249198913574,3,0.613243818283081,,,1
noblewomanhood.com,1,0,1,0.30724501609802246,1,0.7025222778320312,2,0,1
cosmeticaestheticsurgery.com,1,0,0,0.647376537322998,3,0.648496150970459,,,2
cosmeticaestheticsurgery.com,1,1,0,0.6115872859954834,3,0.6127114295959473,,,2
cosmeticaestheticsurgery.com,1,0,1,0.611271858215332,3,5.6182122230529785,1,2,2
note-so-easy.co.za,1,0,0,3.6560192108154297,11,3.6601932048797607,,,1
note-so-easy.co.za,1,1,0,3.4754245281219482,11,3.4789178371429443,,,1
note-so-easy.co.za,1,0,1,0.14971590042114258,1,7.202479362487793,2,0,1
ncees.org,1,0,0,0.9023358821868896,6,0.9042994976043701,,,2
ncees.org,1,1,0,0.916419506072998,6,0.9191756248474121,,,2
ncees.org,1,0,1,0.20432639122009277,1,0.7037003040313721,2,0,2
verlockeshop.de,1,0,0,1.0984127521514893,6,1.1014933586120605,,,1
verlockeshop.de,1,1,0,1.2194876670837402,6,1.2217965126037598,,,1
verlockeshop.de,1,0,1,0.20490002632141113,1,1.1127800941467285,2,0,1
e-hps.com,1,0,0,0.590538740158081,3,0.5917181968688965,,,1
e-hps.com,1,1,0,0.6361029148101807,3,0.6372735500335693,,,1
e-hps.com,1,0,1,0.20398759841918945,1,0.4738962650299072,2,0,1
drglendza.co.rs,1,0,0,8.158589363098145,42,8.178327798843384,,,0
drglendza.co.rs,1,1,0,7.966834545135498,42,7.9842774868011475,,,0
drglendza.co.rs,1,0,1,2.5403480529785156,12,2.54904842376709,10,12,0
ghimpele.ro,1,0,0,1.1897687911987305,6,1.1923751831054688,,,1
ghimpele.ro,1,1,0,1.0984256267547607,6,1.1003971099853516,,,1
ghimpele.ro,1,0,1,0.7352886199951172,4,0.8046882152557373,2,3,1
dricom-hosting.nl,1,0,0,0.5884573459625244,3,0.5899374485015869,,,1
dricom-hosting.nl,1,1,0,0.6104099750518799,3,0.612006425857544,,,1
dricom-hosting.nl,1,0,1,0.20531058311462402,1,0.5977950096130371,2,0,1
medipacademy.com,1,0,0,0.4966154098510742,3,0.4976634979248047,,,2
medipacademy.com,1,1,0,0.612492561340332,3,0.6140384674072266,,,2
medipacademy.com,1,0,1,0.20431280136108398,1,0.49724626541137695,2,0,2
e-daily.gr,1,0,0,1.0202271938323975,6,1.0230762958526611,,,3
e-daily.gr,1,1,0,0.9751505851745605,6,0.9776268005371094,,,3
e-daily.gr,1,0,1,0.3028860092163086,1,0.8825504779815674,2,0,3
hralda.info,1,0,0,2.142786979675293,16,7.15497088432312,,,0
hralda.info,1,1,0,2.2428390979766846,17,2.250068426132202,,,0
hralda.info,1,0,1,1.1240389347076416,7,1.2162601947784424,6,6,0
sendrakhizonline.com,1,0,0,0.6905200481414795,3,0.6925709247589111,,,1
sendrakhizonline.com,1,1,0,0.6093754768371582,3,0.6114614009857178,,,1
sendrakhizonline.com,1,0,1,0.6093823909759521,3,5.616716384887695,1,2,1
begleyhutton.com,1,0,0,1.7153663635253906,6,1.717414140701294,,,4
begleyhutton.com,1,1,0,1.7310121059417725,6,1.732875108718872,,,4
begleyhutton.com,1,0,1,1.0191333293914795,4,6.641194581985474,3,2,4
bmw-parts.ru,1,0,0,0.8969683647155762,3,0.8978290557861328,,,1
bmw-parts.ru,1,1,0,0.816622257232666,3,0.8176295757293701,,,1
bmw-parts.ru,1,0,1,0.20458579063415527,1,5.824438095092773,2,0,1
rterc.in,1,0,0,1.0994796752929688,6,1.1023221015930176,,,2
rterc.in,1,1,0,0.8148951530456543,6,0.8167712688446045,,,2
rterc.in,1,0,1,0.20838356018066406,1,0.3988504409790039,2,0,2
monitis.com,1,0,0,0.5550289154052734,3,0.5561342239379883,,,1
monitis.com,1,1,0,0.5056521892547607,3,0.5066583156585693,,,1
monitis.com,1,0,1,0.20923233032226562,1,0.498152494430542,2,0,1
gustissimo.it,1,0,0,0.6584324836730957,3,0.6596057415008545,,,3
gustissimo.it,1,1,0,0.5905032157897949,3,0.5921802520751953,,,3
gustissimo.it,1,0,1,0.2048661708831787,1,1.0904102325439453,2,0,3
auto-klad.ru,1,0,0,1.505373477935791,6,1.5075194835662842,,,1
auto-klad.ru,1,1,0,1.5169806480407715,6,6.524171590805054,,,1
auto-klad.ru,1,0,1,0.204024076461792,1,1.602971076965332,2,0,1
iointegrators.com,1,0,0,0.5671138763427734,3,0.5680468082427979,,,1
iointegrators.com,1,1,0,0.48817968368530273,3,0.48931193351745605,,,1
iointegrators.com,1,0,1,0.21409106254577637,1,0.486675500869751,2,0,1
saharaimport.com,1,0,0,0.8705723285675049,3,0.8715169429779053,,,1
saharaimport.com,1,1,0,0.6796174049377441,3,0.6808924674987793,,,1
saharaimport.com,1,0,1,0.17839264869689941,1,0.7106378078460693,2,0,1
itgeorgia.co,1,0,0,1.5940804481506348,6,1.596106767654419,,,1
itgeorgia.co,1,1,0,1.5089960098266602,6,1.5123677253723145,,,1
itgeorgia.co,1,0,1,0.8826601505279541,3,0.8845553398132324,1,3,1
myfantasticpark.es,1,0,0,1.2875277996063232,6,1.289334774017334,,,1
myfantasticpark.es,1,1,0,1.3060078620910645,6,1.3085970878601074,,,1
myfantasticpark.es,1,0,1,0.2039484977722168,1,1.1935837268829346,2,0,1
vinayaprabha.com,1,0,0,1.1244041919708252,6,6.131515979766846,,,3
vinayaprabha.com,1,1,0,1.2782096862792969,6,6.286620140075684,,,3
vinayaprabha.com,1,0,1,0.17888355255126953,1,0.8646013736724854,2,0,3
sitiweb.us,1,0,0,1.1798315048217773,6,1.1832859516143799,,,1
sitiweb.us,1,1,0,1.6935994625091553,9,1.699054479598999,,,1
sitiweb.us,1,0,1,0.9827125072479248,4,1.2182064056396484,2,3,1
contentremarketing.com,1,0,0,0.7840709686279297,3,0.7856590747833252,,,1
contentremarketing.com,1,1,0,0.6719973087310791,3,0.6733801364898682,,,1
contentremarketing.com,1,0,1,0.2017199993133545,1,0.8014295101165771,2,0,1
videofun.me,1,0,0,8.454254627227783,56,8.481001615524292,,,0
videofun.me,1,1,0,9.068292379379272,56,9.090880870819092,,,0
videofun.me,1,0,1,1.7994585037231445,16,1.8082263469696045,15,16,0
breezelaw.com,1,0,0,0.765833854675293,3,0.7670466899871826,,,2
breezelaw.com,1,1,0,0.5871813297271729,3,0.588320255279541,,,2
breezelaw.com,1,0,1,0.16663742065429688,1,0.5039567947387695,2,0,2
ranocchi.it,1,0,0,0.6855638027191162,3,0.6872096061706543,,,1
ranocchi.it,1,1,0,0.5820717811584473,3,0.5834834575653076,,,1
ranocchi.it,1,0,1,0.20479226112365723,1,0.875354528427124,2,0,1
22hotmail.com,1,0,0,0.39887404441833496,3,0.40004801750183105,,,5
22hotmail.com,1,1,0,0.6554605960845947,3,0.6564223766326904,,,5
22hotmail.com,1,0,1,0.20502400398254395,1,0.5814013481140137,2,0,5
ana-sofia.pt,1,0,0,1.5876312255859375,6,1.5896999835968018,,,1
ana-sofia.pt,1,1,0,1.611449956893921,6,1.6133034229278564,,,1
ana-sofia.pt,1,0,1,1.304394006729126,5,6.311745643615723,2,4,1
abhair.com,1,0,0,1.464942216873169,6,1.4674432277679443,,,1
abhair.com,1,1,0,1.333770751953125,6,1.3358368873596191,,,1
abhair.com,1,0,1,0.1907486915588379,1,1.1961445808410645,2,0,1
gardeninginflorida.com,1,0,0,0.8833467960357666,3,0.8847348690032959,,,2
gardeninginflorida.com,1,1,0,0.6924285888671875,3,0.6936287879943848,,,2
gardeninginflorida.com,1,0,1,0.20420503616333008,1,0.682147741317749,2,0,2
thepropertyvault.co.uk,1,0,0,1.3737428188323975,6,1.3763625621795654,,,2
thepropertyvault.co.uk,1,1,0,1.3058574199676514,6,1.3079843521118164,,,2
thepropertyvault.co.uk,1,0,1,0.20506525039672852,1,1.299104928970337,2,0,2
viahttps.com,1,0,0,0.8269064426422119,3,0.8279716968536377,,,1
viahttps.com,1,1,0,0.8988947868347168,3,0.8999614715576172,,,1
viahttps.com,1,0,1,0.20471978187561035,1,0.8848881721496582,2,0,1
adverman.com,1,0,0,0.6548290252685547,3,0.6559703350067139,,,1
adverman.com,1,1,0,0.5891773700714111,3,0.5902783870697021,,,1
adverman.com,1,0,1,0.30611109733581543,1,0.6821563243865967,2,0,1
majorleaguelacrosse.com,1,0,0,0.4639244079589844,3,0.46500205993652344,,,2
majorleaguelacrosse.com,1,1,0,0.4885685443878174,3,0.4896364212036133,,,2
majorleaguelacrosse.com,1,0,1,0.2049417495727539,1,0.5781545639038086,2,0,2
rubenquinones.com,1,0,0,0.6710991859436035,3,0.6721968650817871,,,2
rubenquinones.com,1,1,0,0.5898849964141846,3,0.590965747833252,,,2
rubenquinones.com,1,0,1,0.6931583881378174,3,5.701049566268921,1,2,2
kanoon-ansar.org,1,0,0,1.0935015678405762,6,1.0961172580718994,,,1
kanoon-ansar.org,1,1,0,0.9739055633544922,6,0.9763481616973877,,,1
kanoon-ansar.org,1,0,1,0.17650604248046875,1,0.7893781661987305,2,0,1
arrabonet.hu,1,0,0,0.5644550323486328,3,0.565866231918335,,,1
arrabonet.hu,1,1,0,0.4870123863220215,3,0.4880390167236328,,,1
arrabonet.hu,1,0,1,0.6801834106445312,3,0.6813182830810547,0,3,1
wordai.com,1,0,0,1.2821540832519531,6,1.2850782871246338,,,1
wordai.com,1,1,0,0.9978632926940918,6,0.9997923374176025,,,1
wordai.com,1,0,1,0.20476055145263672,1,0.9887516498565674,2,0,1
onetoshop.nl,1,0,0,0.962172269821167,6,0.9641396999359131,,,1
onetoshop.nl,1,1,0,0.9987320899963379,6,1.0007092952728271,,,1
onetoshop.nl,1,0,1,0.2047276496887207,1,0.6808063983917236,2,0,1
meditekyazilim.net,1,0,0,0.7723090648651123,3,0.7733070850372314,,,1
meditekyazilim.net,1,1,0,0.6944997310638428,3,0.6954319477081299,,,1
meditekyazilim.net,1,0,1,0.20415210723876953,1,0.8835813999176025,2,0,1
overseasmedical.com,1,0,0,0.7660441398620605,3,0.767404317855835,,,1
overseasmedical.com,1,1,0,0.6996769905090332,3,0.7009069919586182,,,1
overseasmedical.com,1,0,1,0.1728966236114502,1,0.8780531883239746,2,0,1
grandcanyongrandhotel.com,1,0,0,0.5742599964141846,3,0.5752699375152588,,,1
grandcanyongrandhotel.com,1,1,0,0.5783677101135254,3,0.5794479846954346,,,1
grandcanyongrandhotel.com,1,0,1,0.27040839195251465,1,0.880577564239502,2,0,1
sweathelp.org,1,0,0,1.35371994972229,6,1.3561995029449463,,,1
sweathelp.org,1,1,0,1.4083154201507568,6,1.4111573696136475,,,1
sweathelp.org,1,0,1,0.20367217063903809,1,1.0916130542755127,2,0,1
c0.pl,1,0,0,0.667414665222168,3,0.6687526702880859,,,1
c0.pl,1,1,0,0.4871711730957031,3,0.48897242546081543,,,1
c0.pl,1,0,1,0.34091949462890625,1,0.8162460327148438,2,0,1
koopsmodellbau.de,1,0,0,1.2422943115234375,6,1.2442536354064941,,,1
koopsmodellbau.de,1,1,0,1.1434340476989746,6,1.1452434062957764,,,1
koopsmodellbau.de,1,0,1,0.20515966415405273,1,1.0914545059204102,2,0,1
lespetiteschoses.com,1,0,0,0.5680761337280273,3,0.5690336227416992,,,1
lespetiteschoses.com,1,1,0,0.693396806716919,3,0.6943159103393555,,,1
lespetiteschoses.com,1,0,1,0.20505023002624512,1,0.47797513008117676,2,0,1
b2b2c.ca,1,0,0,1.694000244140625,6,1.6958835124969482,,,1
b2b2c.ca,1,1,0,1.8164541721343994,6,1.8183815479278564,,,1
b2b2c.ca,1,0,1,0.2020275592803955,1,1.1931450366973877,2,0,1
pilsnerurquell.com,1,0,0,1.5175564289093018,9,1.5215857028961182,,,1
pilsnerurquell.com,1,1,0,1.6107444763183594,9,1.6138362884521484,,,1
medintime.ru,1,0,0,1.284963607788086,6,1.2871549129486084,,,2
medintime.ru,1,1,0,1.106691837310791,6,1.110004186630249,,,2
medintime.ru,1,0,1,0.20612812042236328,1,0.8803532123565674,2,0,2
njafe.org,1,0,1,0.21349287033081055,1,0.6117427349090576,2,0,1
djbarryblends.com,1,0,0,0.6792018413543701,3,0.6803004741668701,,,1
djbarryblends.com,1,1,0,0.59055495262146,3,0.5917379856109619,,,1
djbarryblends.com,1,0,1,0.20418953895568848,1,0.681769847869873,2,0,1
deine-bahn.de,1,0,0,1.1887707710266113,6,1.1910500526428223,,,1
deine-bahn.de,1,1,0,1.2110650539398193,6,1.213155746459961,,,1
deine-bahn.de,1,0,1,0.20331668853759766,1,1.2886011600494385,2,0,1
hackthissite.org,1,0,0,1.0763657093048096,6,1.0786304473876953,,,5
hackthissite.org,1,1,0,0.9787180423736572,6,0.9818625450134277,,,5
hackthissite.org,1,0,1,0.20489931106567383,1,0.7988622188568115,2,0,5
gurukulonline.com,1,0,0,0.7381138801574707,3,0.7392070293426514,,,2
gurukulonline.com,1,1,0,0.5883374214172363,3,0.5898199081420898,,,2
gurukulonline.com,1,0,1,0.20260071754455566,1,0.5803639888763428,2,0,2
capequilog.com,1,0,0,1.705120325088501,6,1.707559585571289,,,1
capequilog.com,1,1,0,1.2751295566558838,6,1.2770304679870605,,,1
capequilog.com,1,0,1,0.17144370079040527,1,1.3109264373779297,2,0,1
greens.my,1,0,0,0.87428879737854,6,0.876333475112915,,,2
greens.my,1,1,0,0.897329568862915,6,0.8994832038879395,,,2
greens.my,1,0,1,0.20498299598693848,1,0.9884467124938965,2,0,2
2xfzy.com,1,0,0,0.9879202842712402,3,0.9889886379241943,,,1
2xfzy.com,1,1,0,0.7949197292327881,3,0.7958493232727051,,,1
2xfzy.com,1,0,1,0.20420336723327637,1,0.9904401302337646,2,0,1
magic-illusion.ru,1,0,0,1.2691214084625244,6,1.2713661193847656,,,2
magic-illusion.ru,1,1,0,1.2227814197540283,6,1.2247276306152344,,,2
magic-illusion.ru,1,0,1,0.20361781120300293,1,0.9683582782745361,2,0,2
solcredito.es,1,0,0,1.007309913635254,6,1.0096440315246582,,,4
solcredito.es,1,1,0,1.0671613216400146,6,1.0691921710968018,,,4
solcredito.es,1,0,1,0.2050487995147705,1,6.2123637199401855,2,0,4
go2jump.com,1,0,0,1.235990047454834,6,1.2381219863891602,,,1
go2jump.com,1,1,0,0.9983124732971191,6,1.000626564025879,,,1
go2jump.com,1,0,1,0.5901432037353516,3,5.597435235977173,2,2,1
millionfareast.com,1,0,0,0.6656343936920166,3,0.6677091121673584,,,1
millionfareast.com,1,1,0,0.5873861312866211,3,0.5884888172149658,,,1
millionfareast.com,1,0,1,0.2050950527191162,1,0.682682991027832,2,0,1
msf.be,1,0,0,1.0758590698242188,6,1.077805995941162,,,1
msf.be,1,1,0,1.2052209377288818,6,1.2072563171386719,,,1
msf.be,1,0,1,0.6812582015991211,4,0.8842685222625732,2,3,1
cellslider.net,1,0,0,0.566004753112793,3,0.5669536590576172,,,1
cellslider.net,1,1,0,0.5886914730072021,3,0.5897715091705322,,,1
cellslider.net,1,0,1,0.20475077629089355,1,0.4768986701965332,2,0,1
bhhsneproperties.com,1,0,0,0.5683162212371826,3,0.5693471431732178,,,1
bhhsneproperties.com,1,1,0,0.488757848739624,3,0.4898381233215332,,,1
bhhsneproperties.com,1,0,1,0.20440292358398438,1,0.47765088081359863,2,0,1
skplus.kr,1,0,0,4.159574508666992,16,9.172189950942993,,,0
skplus.kr,1,1,0,4.474867343902588,17,4.48240852355957,,,0
skplus.kr,1,0,1,1.9219169616699219,7,2.2158546447753906,6,6,0
empclan.com,1,0,0,0.714580774307251,3,0.7154972553253174,,,1
empclan.com,1,1,0,0.7712674140930176,3,0.7722084522247314,,,1
empclan.com,1,0,1,0.23210835456848145,1,0.8792946338653564,2,0,1
kiyimuzik.com,1,0,0,0.464702844619751,3,0.466019868850708,,,2
kiyimuzik.com,1,1,0,0.48714232444763184,3,0.4882476329803467,,,2
kiyimuzik.com,1,0,1,0.2038133144378662,1,0.5802228450775146,2,0,2
valdo.com,1,0,0,0.5726573467254639,3,0.5746588706970215,,,1
valdo.com,1,1,0,0.5891544818878174,3,0.5903060436248779,,,1
valdo.com,1,0,1,0.59145188331604,3,5.598092317581177,1,2,1
supportpabiomass.org,1,0,0,1.1810336112976074,6,1.183675765991211,,,1
supportpabiomass.org,1,1,0,1.304739236831665,6,1.3076403141021729,,,1
supportpabiomass.org,1,0,1,0.34032630920410156,1,1.3313066959381104,2,0,1
roche-applied-science.com,1,0,0,1.5509991645812988,6,1.555145502090454,,,1
roche-applied-science.com,1,1,0,1.304835557937622,6,1.3082125186920166,,,1
roche-applied-science.com,1,0,1,0.792762279510498,4,6.414631128311157,3,2,1
oneworldinfo.com,1,0,0,0.7718737125396729,3,0.7731907367706299,,,2
oneworldinfo.com,1,1,0,0.6938719749450684,3,0.695265531539917,,,2
oneworldinfo.com,1,0,1,0.20670104026794434,1,0.8890531063079834,2,0,2
7apcrshrmanila.org,1,0,0,3.3234803676605225,21,3.3329830169677734,,,0
7apcrshrmanila.org,1,1,0,3.244025468826294,21,3.2523863315582275,,,0
7apcrshrmanila.org,1,0,1,1.1267552375793457,7,1.3010637760162354,6,6,0
ilikecrochet.com,1,0,0,0.5618076324462891,3,0.5628986358642578,,,1
ilikecrochet.com,1,1,0,0.4866461753845215,3,0.48763585090637207,,,1
ilikecrochet.com,1,0,1,0.20266509056091309,1,0.5811710357666016,2,0,1
closerdiets.com,1,0,0,0.6579971313476562,3,0.6589844226837158,,,2
closerdiets.com,1,1,0,0.4950249195098877,3,0.49600911140441895,,,2
closerdiets.com,1,0,1,0.5871717929840088,3,5.5934038162231445,1,2,2
megi.cz,1,0,0,0.7706243991851807,3,0.7717010974884033,,,2
megi.cz,1,1,0,0.7979395389556885,3,0.7989275455474854,,,2
megi.cz,1,0,1,0.2045450210571289,1,0.7789313793182373,2,0,2
pces.in,1,0,0,1.0780434608459473,6,1.0801887512207031,,,1
pces.in,1,1,0,1.013045072555542,6,1.015800952911377,,,1
pces.in,1,0,1,0.20160579681396484,1,0.37583160400390625,2,0,1
originalmagicart.com,1,0,0,0.6680800914764404,3,0.6696975231170654,,,2
originalmagicart.com,1,1,0,0.588433027267456,3,0.5903117656707764,,,2
originalmagicart.com,1,0,1,0.623138427734375,3,5.6308982372283936,1,2,2
godo.co.kr,1,0,0,1.4863874912261963,6,1.488309383392334,,,1
godo.co.kr,1,1,0,1.4138293266296387,6,1.4159245491027832,,,1
godo.co.kr,1,0,1,0.17905473709106445,1,6.408966541290283,2,0,1
ugotrelis.com,1,0,0,1.1785199642181396,6,1.180659294128418,,,1
ugotrelis.com,1,1,0,1.4085369110107422,6,1.410743236541748,,,1
ugotrelis.com,1,0,1,0.8974456787109375,4,6.108529567718506,3,2,1
ok-magazine.ru,1,0,0,4.355254888534546,19,4.363317012786865,,,1
ok-magazine.ru,1,1,0,4.781827926635742,19,4.789551734924316,,,1
ok-magazine.ru,1,0,1,0.21648287773132324,1,0.6975507736206055,2,0,1
dmg-dental.com,1,0,0,1.2942781448364258,6,1.2973637580871582,,,1
dmg-dental.com,1,1,0,1.3008229732513428,6,1.3037762641906738,,,1
dmg-dental.com,1,0,1,0.5892701148986816,3,5.596933603286743,2,2,1
silkroadtours.com,1,0,0,0.6443772315979004,3,0.6470844745635986,,,1
silkroadtours.com,1,1,0,0.5834822654724121,3,0.585878849029541,,,1
silkroadtours.com,1,0,1,0.6907203197479248,3,5.698962211608887,1,2,1
rositehost.com,1,0,0,0.7758517265319824,3,0.778449535369873,,,1
rositehost.com,1,1,0,0.6755397319793701,3,0.6767332553863525,,,1
rositehost.com,1,0,1,0.20472168922424316,1,0.5805947780609131,2,0,1
livescan4all.com,1,0,0,0.5375211238861084,3,0.5387938022613525,,,1
livescan4all.com,1,1,0,0.8971035480499268,3,0.8983430862426758,,,1
livescan4all.com,1,0,1,0.17085814476013184,1,0.8865282535552979,2,0,1
oberandsons.com,1,0,0,0.5606145858764648,3,0.5622467994689941,,,1
oberandsons.com,1,1,0,0.48964476585388184,3,0.49059510231018066,,,1
oberandsons.com,1,0,1,0.8980653285980225,3,5.90449333190918,1,2,1
celerity.com,1,0,0,0.5695629119873047,3,0.5709660053253174,,,1
celerity.com,1,1,0,0.5987648963928223,3,0.5999555587768555,,,1
celerity.com,1,0,1,0.5814077854156494,3,5.588019847869873,1,2,1
miscellaneousheathen.com,1,0,0,0.7560968399047852,3,0.75801682472229,,,1
miscellaneousheathen.com,1,1,0,0.5485026836395264,3,0.5497739315032959,,,1
miscellaneousheathen.com,1,0,1,0.7967543601989746,3,5.8032801151275635,1,2,1
rolflouisville.com,1,0,0,0.8224368095397949,3,0.8240861892700195,,,1
rolflouisville.com,1,1,0,0.5294697284698486,3,0.5321447849273682,,,1
rolflouisville.com,1,0,1,0.5283684730529785,3,5.534900665283203,1,2,1
jacquelinemertz.ch,1,0,0,3.3247268199920654,16,3.3311541080474854,,,0
jacquelinemertz.ch,1,1,0,2.9392287731170654,16,2.9471917152404785,,,0
jacquelinemertz.ch,1,0,1,1.1218373775482178,6,1.1954214572906494,6,5,0
gaplex.biz,1,0,0,2.7653000354766846,19,2.773549795150757,,,0
gaplex.biz,1,1,0,2.5766656398773193,19,2.5842511653900146,,,0
gaplex.biz,1,0,1,1.4291644096374512,9,1.8061273097991943,6,8,0
stark.dk,1,0,0,1.1768722534179688,6,1.1793115139007568,,,1
stark.dk,1,1,0,1.0394184589385986,6,1.0423502922058105,,,1
stark.dk,1,0,1,0.20130085945129395,1,1.0459399223327637,2,0,1
xxx-muschis.de,1,0,0,4.6520466804504395,22,4.6625776290893555,,,0
xxx-muschis.de,1,1,0,4.6780617237091064,22,4.687697649002075,,,0
xxx-muschis.de,1,0,1,1.6350018978118896,7,1.906372308731079,6,6,0
florenseusa.com,1,0,0,0.6314253807067871,3,0.6325626373291016,,,1
florenseusa.com,1,1,0,0.5880639553070068,3,0.5894229412078857,,,1
florenseusa.com,1,0,1,0.7961821556091309,3,5.803552150726318,1,2,1
